{"loss": [0.7123647332191467, 0.6391494870185852, 0.5343534350395203, 0.4603364169597626, 0.42485103011131287, 0.39141371846199036, 0.38956329226493835, 0.3694915473461151, 0.35699766874313354, 0.3454574644565582, 0.351102739572525, 0.3327271640300751, 0.31461793184280396, 0.3202230930328369, 0.30062609910964966, 0.292311429977417, 0.2972324788570404, 0.27568763494491577, 0.2981247901916504, 0.2880120277404785, 0.26357758045196533, 0.24408826231956482, 0.2532864809036255, 0.24802827835083008, 0.2844574451446533, 0.24432018399238586, 0.22781068086624146, 0.23545046150684357, 0.20171208679676056, 0.21475978195667267], "accuracy": [0.5387499928474426, 0.6637499928474426, 0.7306249737739563, 0.7818750143051147, 0.8149999976158142, 0.8362500071525574, 0.8318750262260437, 0.8443750143051147, 0.8456249833106995, 0.8606250286102295, 0.8525000214576721, 0.8675000071525574, 0.8725000023841858, 0.8706250190734863, 0.8787500262260437, 0.8862500190734863, 0.8868749737739563, 0.8943750262260437, 0.8931249976158142, 0.8899999856948853, 0.8949999809265137, 0.9125000238418579, 0.9043750166893005, 0.9056249856948853, 0.8799999952316284, 0.903124988079071, 0.9156249761581421, 0.9156249761581421, 0.9293749928474426, 0.9200000166893005], "val_loss": [0.675028383731842, 0.52692049741745, 0.4540049433708191, 0.41301020979881287, 0.38090258836746216, 0.3832966089248657, 0.36569905281066895, 0.3618042469024658, 0.37415191531181335, 0.37508243322372437, 0.3686791658401489, 0.35624781250953674, 0.3696635365486145, 0.3658503293991089, 0.46160852909088135, 0.34635472297668457, 0.35381847620010376, 0.4095412790775299, 0.38099488615989685, 0.34903985261917114, 0.381355881690979, 0.3742116093635559, 0.34463250637054443, 0.39640292525291443, 0.3961041271686554, 0.3857537508010864, 0.3752281069755554, 0.3427045941352844, 0.3989560306072235, 0.38096165657043457], "val_accuracy": [0.625, 0.7400000095367432, 0.7975000143051147, 0.8399999737739563, 0.8424999713897705, 0.8299999833106995, 0.8575000166893005, 0.862500011920929, 0.8550000190734863, 0.8525000214576721, 0.862500011920929, 0.8650000095367432, 0.8550000190734863, 0.8700000047683716, 0.8324999809265137, 0.875, 0.875, 0.875, 0.862500011920929, 0.8550000190734863, 0.8675000071525574, 0.8725000023841858, 0.8725000023841858, 0.8575000166893005, 0.8475000262260437, 0.862500011920929, 0.8700000047683716, 0.8774999976158142, 0.8675000071525574, 0.8725000023841858]}