{"loss": [0.6977781653404236, 0.6793011426925659, 0.5908017158508301, 0.5118966102600098, 0.47627192735671997, 0.44187721610069275, 0.4462207853794098, 0.4197607934474945, 0.4124976396560669, 0.3998599648475647, 0.4100494682788849, 0.3898039758205414, 0.3929317593574524, 0.37668517231941223, 0.374110609292984, 0.3572561740875244, 0.36101317405700684, 0.33805492520332336, 0.3532472550868988, 0.34774720668792725, 0.33337104320526123, 0.32583168148994446, 0.3304521441459656, 0.3205482065677643, 0.3172011077404022, 0.31414103507995605, 0.3115731477737427, 0.3028169572353363, 0.2934306859970093, 0.2995634973049164], "accuracy": [0.5081250071525574, 0.5518749952316284, 0.6868749856948853, 0.7493749856948853, 0.7806249856948853, 0.8037499785423279, 0.7987499833106995, 0.8174999952316284, 0.8218749761581421, 0.8237500190734863, 0.8137500286102295, 0.8412500023841858, 0.8387500047683716, 0.8493750095367432, 0.8462499976158142, 0.8543750047683716, 0.8556249737739563, 0.8656250238418579, 0.8568750023841858, 0.8581249713897705, 0.8612499833106995, 0.8725000023841858, 0.8725000023841858, 0.8731250166893005, 0.8731250166893005, 0.878125011920929, 0.878125011920929, 0.8849999904632568, 0.8868749737739563, 0.8824999928474426], "val_loss": [0.6931097507476807, 0.6092360019683838, 0.5030043125152588, 0.4485890567302704, 0.4190162420272827, 0.41750064492225647, 0.381215363740921, 0.3759526312351227, 0.38244929909706116, 0.4060176610946655, 0.3851792812347412, 0.36316609382629395, 0.3654916286468506, 0.35841232538223267, 0.36954689025878906, 0.3694700300693512, 0.38799580931663513, 0.4052245616912842, 0.372437059879303, 0.35284751653671265, 0.35870248079299927, 0.34920841455459595, 0.35009369254112244, 0.3978699743747711, 0.34606751799583435, 0.35751083493232727, 0.3790879547595978, 0.358510285615921, 0.3627314865589142, 0.35402584075927734], "val_accuracy": [0.5, 0.7074999809265137, 0.7674999833106995, 0.8100000023841858, 0.8100000023841858, 0.8149999976158142, 0.8475000262260437, 0.8475000262260437, 0.8575000166893005, 0.8550000190734863, 0.8600000143051147, 0.862500011920929, 0.8525000214576721, 0.8550000190734863, 0.8525000214576721, 0.8650000095367432, 0.8550000190734863, 0.8700000047683716, 0.862500011920929, 0.8675000071525574, 0.8600000143051147, 0.8725000023841858, 0.8725000023841858, 0.8500000238418579, 0.8700000047683716, 0.875, 0.875, 0.8525000214576721, 0.8600000143051147, 0.8675000071525574]}