{"loss": [0.6942803263664246, 0.6320706009864807, 0.5092339515686035, 0.4539502263069153, 0.41862133145332336, 0.38787388801574707, 0.3910856246948242, 0.3906431496143341, 0.36411187052726746, 0.35311850905418396, 0.3648466169834137, 0.35637596249580383, 0.3373796045780182, 0.33091166615486145, 0.3231743276119232, 0.3200693130493164, 0.3100086450576782, 0.29694119095802307, 0.315314382314682, 0.31050971150398254, 0.31580936908721924, 0.29147106409072876, 0.32958415150642395, 0.27944982051849365, 0.2905636727809906, 0.27714577317237854, 0.27625560760498047, 0.2699125409126282, 0.25825491547584534, 0.24983353912830353], "accuracy": [0.45500001311302185, 0.668749988079071, 0.7574999928474426, 0.7950000166893005, 0.8243749737739563, 0.8387500047683716, 0.831250011920929, 0.8337500095367432, 0.8518750071525574, 0.8537499904632568, 0.8481249809265137, 0.8550000190734863, 0.8662499785423279, 0.8675000071525574, 0.8725000023841858, 0.8650000095367432, 0.8793749809265137, 0.8843749761581421, 0.8743749856948853, 0.8824999928474426, 0.8743749856948853, 0.8862500190734863, 0.8687499761581421, 0.8912500143051147, 0.887499988079071, 0.8924999833106995, 0.9018750190734863, 0.8962500095367432, 0.903124988079071, 0.909375011920929], "val_loss": [0.6900852918624878, 0.4820011556148529, 0.4073167145252228, 0.3878374993801117, 0.37627974152565, 0.40052226185798645, 0.3617098331451416, 0.3474929928779602, 0.3616025149822235, 0.38166043162345886, 0.3781317174434662, 0.3488454818725586, 0.35360461473464966, 0.3835800290107727, 0.36510807275772095, 0.3448551297187805, 0.3505253493785858, 0.3700861632823944, 0.366465300321579, 0.3333083987236023, 0.3503774404525757, 0.33977004885673523, 0.3309398293495178, 0.39323654770851135, 0.35466375946998596, 0.3591364622116089, 0.35029757022857666, 0.36138373613357544, 0.3707250654697418, 0.35284802317619324], "val_accuracy": [0.6825000047683716, 0.7724999785423279, 0.8174999952316284, 0.8500000238418579, 0.8475000262260437, 0.8299999833106995, 0.8600000143051147, 0.8700000047683716, 0.8799999952316284, 0.8550000190734863, 0.8600000143051147, 0.8675000071525574, 0.8725000023841858, 0.8675000071525574, 0.8700000047683716, 0.8799999952316284, 0.8799999952316284, 0.875, 0.8600000143051147, 0.8725000023841858, 0.8849999904632568, 0.8824999928474426, 0.887499988079071, 0.8550000190734863, 0.8650000095367432, 0.8700000047683716, 0.8774999976158142, 0.8799999952316284, 0.875, 0.8799999952316284]}