{"loss": [0.689328134059906, 0.5886729955673218, 0.5127508640289307, 0.43350374698638916, 0.4189688563346863, 0.38121119141578674, 0.384145051240921, 0.37403053045272827, 0.3455921411514282, 0.3506498634815216, 0.35347825288772583, 0.3307466208934784, 0.3159678280353546, 0.31878843903541565, 0.3140368163585663, 0.28722792863845825, 0.2947930097579956, 0.2847455143928528, 0.289142906665802, 0.28400200605392456, 0.28671059012413025, 0.2659492790699005, 0.284603089094162, 0.2733067572116852, 0.27098679542541504, 0.257881760597229, 0.24959100782871246, 0.24531866610050201, 0.23870159685611725, 0.23352451622486115], "accuracy": [0.5168750286102295, 0.699999988079071, 0.7699999809265137, 0.8100000023841858, 0.8243749737739563, 0.8368750214576721, 0.8374999761581421, 0.8450000286102295, 0.8581249713897705, 0.856249988079071, 0.8550000190734863, 0.8675000071525574, 0.8662499785423279, 0.8712499737739563, 0.875, 0.8824999928474426, 0.8881250023841858, 0.8912500143051147, 0.8931249976158142, 0.8962500095367432, 0.890625, 0.9006249904632568, 0.8931249976158142, 0.8974999785423279, 0.8956249952316284, 0.8999999761581421, 0.9006249904632568, 0.9125000238418579, 0.9112499952316284, 0.9162499904632568], "val_loss": [0.630166232585907, 0.5132791996002197, 0.39798247814178467, 0.41511592268943787, 0.3612618148326874, 0.3816797137260437, 0.3608277142047882, 0.3553360104560852, 0.3493172824382782, 0.38797909021377563, 0.36278235912323, 0.3729429244995117, 0.36168792843818665, 0.3411653935909271, 0.39124923944473267, 0.3816986083984375, 0.3652045428752899, 0.41586560010910034, 0.3630235195159912, 0.34950724244117737, 0.3500422239303589, 0.4325474798679352, 0.3657764196395874, 0.3949267566204071, 0.38111650943756104, 0.3802584111690521, 0.39156341552734375, 0.3736386001110077, 0.3896718919277191, 0.3935628831386566], "val_accuracy": [0.7275000214576721, 0.7524999976158142, 0.8324999809265137, 0.8500000238418579, 0.8700000047683716, 0.8349999785423279, 0.8550000190734863, 0.8600000143051147, 0.8799999952316284, 0.8725000023841858, 0.8774999976158142, 0.8725000023841858, 0.8700000047683716, 0.8799999952316284, 0.8525000214576721, 0.8675000071525574, 0.875, 0.8500000238418579, 0.8725000023841858, 0.8799999952316284, 0.8700000047683716, 0.8550000190734863, 0.8675000071525574, 0.8575000166893005, 0.8500000238418579, 0.8700000047683716, 0.8700000047683716, 0.8799999952316284, 0.8725000023841858, 0.8650000095367432]}