{"loss": [0.698824405670166, 0.6392475962638855, 0.5576609969139099, 0.46184754371643066, 0.4387483596801758, 0.40140342712402344, 0.40653592348098755, 0.37725165486335754, 0.3694261610507965, 0.35744109749794006, 0.3624052405357361, 0.3539353907108307, 0.3251349925994873, 0.32731056213378906, 0.3169727027416229, 0.29689085483551025, 0.29597729444503784, 0.28409841656684875, 0.2860420346260071, 0.2798611521720886, 0.2755967974662781, 0.2515130341053009, 0.2591964602470398, 0.23642316460609436, 0.24897611141204834, 0.2542933523654938, 0.2068760246038437, 0.22388006746768951, 0.20115935802459717, 0.18436703085899353], "accuracy": [0.4675000011920929, 0.640625, 0.7381250262260437, 0.7850000262260437, 0.8106250166893005, 0.8193749785423279, 0.8231250047683716, 0.8493750095367432, 0.8475000262260437, 0.8487499952316284, 0.8543750047683716, 0.8537499904632568, 0.871874988079071, 0.8656250238418579, 0.8731250166893005, 0.8862500190734863, 0.8824999928474426, 0.8924999833106995, 0.887499988079071, 0.8924999833106995, 0.8974999785423279, 0.90625, 0.8981249928474426, 0.9175000190734863, 0.9081249833106995, 0.8999999761581421, 0.9293749928474426, 0.9193750023841858, 0.9262499809265137, 0.9424999952316284], "val_loss": [0.692710280418396, 0.5321256518363953, 0.4537656903266907, 0.43039625883102417, 0.4035513401031494, 0.40646931529045105, 0.3886415362358093, 0.39684733748435974, 0.3854731023311615, 0.4269580543041229, 0.385057270526886, 0.3717542290687561, 0.40036067366600037, 0.3722637891769409, 0.4178919494152069, 0.39808499813079834, 0.3702854812145233, 0.41052284836769104, 0.44170430302619934, 0.3735883831977844, 0.40480363368988037, 0.38435012102127075, 0.3713313341140747, 0.46698111295700073, 0.4085487425327301, 0.3719760477542877, 0.4477763772010803, 0.40711119771003723, 0.3978959619998932, 0.5040568709373474], "val_accuracy": [0.5049999952316284, 0.7425000071525574, 0.7950000166893005, 0.8274999856948853, 0.8399999737739563, 0.8199999928474426, 0.8550000190734863, 0.8374999761581421, 0.8725000023841858, 0.8399999737739563, 0.862500011920929, 0.862500011920929, 0.8525000214576721, 0.8700000047683716, 0.8550000190734863, 0.8475000262260437, 0.8675000071525574, 0.862500011920929, 0.8424999713897705, 0.8700000047683716, 0.8450000286102295, 0.8774999976158142, 0.8725000023841858, 0.8399999737739563, 0.8525000214576721, 0.8774999976158142, 0.862500011920929, 0.8650000095367432, 0.8650000095367432, 0.8399999737739563]}