{"loss": [0.697054922580719, 0.6744348406791687, 0.6603004932403564, 0.6531176567077637, 0.6370909214019775, 0.6307150721549988, 0.6271361708641052, 0.6168019771575928, 0.6110674738883972, 0.6121864914894104, 0.589813768863678, 0.5661417841911316, 0.5769646167755127, 0.5530373454093933, 0.544948935508728, 0.5417577028274536, 0.5144016742706299, 0.5264790058135986, 0.49680110812187195, 0.4817412495613098, 0.4962973892688751, 0.48643749952316284, 0.49107038974761963, 0.46487662196159363, 0.443135529756546, 0.4307456910610199, 0.44249776005744934, 0.428729772567749, 0.42010417580604553, 0.4396062195301056], "accuracy": [0.5224999785423279, 0.5662500262260437, 0.5981249809265137, 0.6100000143051147, 0.6356250047683716, 0.6368749737739563, 0.65625, 0.6712499856948853, 0.6581249833106995, 0.6681249737739563, 0.6800000071525574, 0.7306249737739563, 0.7081249952316284, 0.7275000214576721, 0.7337499856948853, 0.7262499928474426, 0.7431250214576721, 0.7412499785423279, 0.7562500238418579, 0.7637500166893005, 0.7599999904632568, 0.7743750214576721, 0.7631250023841858, 0.7875000238418579, 0.7818750143051147, 0.7956249713897705, 0.7943750023841858, 0.7881249785423279, 0.8056250214576721, 0.8043749928474426], "val_loss": [0.677665114402771, 0.6681739091873169, 0.64017653465271, 0.6384894251823425, 0.6503146290779114, 0.6655104160308838, 0.629396915435791, 0.6524434089660645, 0.6611260175704956, 0.6616790890693665, 0.6756417155265808, 0.6521798968315125, 0.6630188822746277, 0.7027066946029663, 0.653494119644165, 0.672244131565094, 0.6997097730636597, 0.7081403136253357, 0.7019016146659851, 0.7632062435150146, 0.7283309698104858, 0.7206823229789734, 0.7551686763763428, 0.7749325633049011, 0.7907028198242188, 0.8293440937995911, 0.7730936408042908, 0.8235672116279602, 0.8663239479064941, 0.8880423903465271], "val_accuracy": [0.4975000023841858, 0.6050000190734863, 0.6524999737739563, 0.6499999761581421, 0.6200000047683716, 0.6100000143051147, 0.6775000095367432, 0.6025000214576721, 0.5975000262260437, 0.6000000238418579, 0.6050000190734863, 0.6575000286102295, 0.6225000023841858, 0.6424999833106995, 0.6424999833106995, 0.6399999856948853, 0.6424999833106995, 0.6100000143051147, 0.6274999976158142, 0.6449999809265137, 0.612500011920929, 0.6499999761581421, 0.6200000047683716, 0.6075000166893005, 0.6349999904632568, 0.6225000023841858, 0.6025000214576721, 0.6100000143051147, 0.6225000023841858, 0.612500011920929]}