{"loss": [0.699375331401825, 0.6800122857093811, 0.6741945743560791, 0.6200104355812073, 0.5101554989814758, 0.4604567289352417, 0.44588252902030945, 0.4118528366088867, 0.4025891125202179, 0.36155956983566284, 0.33985790610313416, 0.31623026728630066, 0.2794177532196045, 0.23993507027626038, 0.21020805835723877, 0.19475069642066956, 0.15733014047145844, 0.15220870077610016, 0.12747666239738464, 0.13593249022960663, 0.0551471933722496, 0.08581452071666718, 0.04044266790151596, 0.1242312341928482, 0.05427639186382294, 0.017290016636252403, 0.04556965455412865, 0.06588976085186005, 0.04349936544895172, 0.03231428563594818], "accuracy": [0.4650000035762787, 0.5962499976158142, 0.6025000214576721, 0.6856250166893005, 0.7681249976158142, 0.7931249737739563, 0.7993749976158142, 0.815625011920929, 0.8306249976158142, 0.8500000238418579, 0.8568750023841858, 0.8681250214576721, 0.8862500190734863, 0.909375011920929, 0.9237499833106995, 0.9243749976158142, 0.9381250143051147, 0.9456250071525574, 0.9556249976158142, 0.9574999809265137, 0.981249988079071, 0.971875011920929, 0.9912499785423279, 0.9574999809265137, 0.9837499856948853, 0.9943749904632568, 0.9806249737739563, 0.9787499904632568, 0.9893749952316284, 0.9906250238418579], "val_loss": [0.6924304366111755, 0.6127367615699768, 0.6823734045028687, 0.5151855945587158, 0.4936998784542084, 0.4036937355995178, 0.43133458495140076, 0.41294291615486145, 0.4081468880176544, 0.42599108815193176, 0.46550270915031433, 0.5403442978858948, 0.46074622869491577, 0.6785123944282532, 0.557168185710907, 0.6177611947059631, 0.9389817714691162, 0.7513810992240906, 0.9995520710945129, 0.9135469794273376, 0.9684514403343201, 1.0891642570495605, 1.2138782739639282, 0.7686007618904114, 1.2549922466278076, 1.5182511806488037, 1.824560523033142, 1.300896406173706, 1.1269363164901733, 1.4399529695510864], "val_accuracy": [0.5975000262260437, 0.7099999785423279, 0.6225000023841858, 0.7674999833106995, 0.7774999737739563, 0.824999988079071, 0.8224999904632568, 0.8399999737739563, 0.8349999785423279, 0.8424999713897705, 0.824999988079071, 0.8349999785423279, 0.824999988079071, 0.8450000286102295, 0.8450000286102295, 0.8500000238418579, 0.7475000023841858, 0.8100000023841858, 0.824999988079071, 0.8149999976158142, 0.824999988079071, 0.8149999976158142, 0.8025000095367432, 0.7975000143051147, 0.8100000023841858, 0.8050000071525574, 0.7975000143051147, 0.7925000190734863, 0.824999988079071, 0.8025000095367432]}