{"loss": [0.6925229430198669, 0.5891907811164856, 0.502507746219635, 0.4477023184299469, 0.41348305344581604, 0.3838876485824585, 0.3895281255245209, 0.36709633469581604, 0.34948065876960754, 0.3462808132171631, 0.34927481412887573, 0.33182379603385925, 0.31482911109924316, 0.31996652483940125, 0.31196296215057373, 0.30451786518096924, 0.31465262174606323, 0.2941770851612091, 0.2958618998527527, 0.2969304919242859, 0.29176145792007446, 0.26639610528945923, 0.2706519365310669, 0.2524004578590393, 0.274697870016098, 0.2548882067203522, 0.2339511662721634, 0.24527660012245178, 0.22653402388095856, 0.23249420523643494], "accuracy": [0.5062500238418579, 0.7049999833106995, 0.7599999904632568, 0.7981250286102295, 0.8187500238418579, 0.8306249976158142, 0.8387500047683716, 0.8512499928474426, 0.8575000166893005, 0.856249988079071, 0.8575000166893005, 0.8743749856948853, 0.8756250143051147, 0.8668749928474426, 0.8824999928474426, 0.8849999904632568, 0.8818749785423279, 0.8849999904632568, 0.8868749737739563, 0.8849999904632568, 0.887499988079071, 0.8987500071525574, 0.8968750238418579, 0.903124988079071, 0.8924999833106995, 0.9075000286102295, 0.9131249785423279, 0.9150000214576721, 0.9200000166893005, 0.9168750047683716], "val_loss": [0.6727660894393921, 0.4714798033237457, 0.41714370250701904, 0.39112237095832825, 0.3605024218559265, 0.35615742206573486, 0.33561694622039795, 0.3467438519001007, 0.3545640707015991, 0.3372267782688141, 0.3347759246826172, 0.32625502347946167, 0.33918777108192444, 0.34704354405403137, 0.36055275797843933, 0.32336124777793884, 0.3228478729724884, 0.3860016167163849, 0.36467257142066956, 0.3224387764930725, 0.33622604608535767, 0.3953085243701935, 0.3406958281993866, 0.36136168241500854, 0.37404999136924744, 0.34638339281082153, 0.35688626766204834, 0.3688684403896332, 0.3497921824455261, 0.3349230885505676], "val_accuracy": [0.7149999737739563, 0.7900000214576721, 0.8149999976158142, 0.8374999761581421, 0.8424999713897705, 0.8399999737739563, 0.862500011920929, 0.8725000023841858, 0.8675000071525574, 0.862500011920929, 0.8725000023841858, 0.8774999976158142, 0.8650000095367432, 0.8600000143051147, 0.8525000214576721, 0.8650000095367432, 0.875, 0.8500000238418579, 0.8399999737739563, 0.862500011920929, 0.8550000190734863, 0.8374999761581421, 0.8725000023841858, 0.8650000095367432, 0.8500000238418579, 0.8725000023841858, 0.8650000095367432, 0.8774999976158142, 0.8725000023841858, 0.8700000047683716]}