{"loss": [0.697386622428894, 0.6284970641136169, 0.5119253396987915, 0.4642712473869324, 0.440196692943573, 0.4064062833786011, 0.4117451012134552, 0.3948923945426941, 0.3740658462047577, 0.3687208592891693, 0.36056220531463623, 0.3731967806816101, 0.3680729269981384, 0.35599982738494873, 0.3475518822669983, 0.3199235498905182, 0.3739359974861145, 0.34292319416999817, 0.3336566686630249, 0.3267298638820648, 0.3043838441371918, 0.3000144064426422, 0.31012222170829773, 0.29973912239074707, 0.31240230798721313, 0.2993597090244293, 0.2988126277923584, 0.28834545612335205, 0.2759752571582794, 0.2628006637096405], "accuracy": [0.45875000953674316, 0.6731250286102295, 0.7524999976158142, 0.7868750095367432, 0.8037499785423279, 0.8318750262260437, 0.8343750238418579, 0.8299999833106995, 0.8450000286102295, 0.8525000214576721, 0.8600000143051147, 0.8512499928474426, 0.8381249904632568, 0.8525000214576721, 0.859375, 0.8768749833106995, 0.8493750095367432, 0.8643749952316284, 0.8643749952316284, 0.8681250214576721, 0.8862500190734863, 0.8899999856948853, 0.8831250071525574, 0.8837500214576721, 0.8706250190734863, 0.8862500190734863, 0.8837500214576721, 0.8837500214576721, 0.8943750262260437, 0.8987500071525574], "val_loss": [0.6885247230529785, 0.4777134656906128, 0.4120115339756012, 0.3890801668167114, 0.37239038944244385, 0.37451475858688354, 0.3577631115913391, 0.3607509732246399, 0.34928351640701294, 0.3351946771144867, 0.3547612726688385, 0.3514910936355591, 0.35842376947402954, 0.30053284764289856, 0.3174988329410553, 0.3806852102279663, 0.34267884492874146, 0.3571001887321472, 0.337507963180542, 0.3260788023471832, 0.3142247498035431, 0.323774516582489, 0.3507075011730194, 0.3548540771007538, 0.3708999752998352, 0.32956790924072266, 0.31254082918167114, 0.3205864727497101, 0.30351731181144714, 0.29155898094177246], "val_accuracy": [0.7099999785423279, 0.7749999761581421, 0.8149999976158142, 0.8324999809265137, 0.8550000190734863, 0.8424999713897705, 0.8450000286102295, 0.8324999809265137, 0.8725000023841858, 0.875, 0.8725000023841858, 0.862500011920929, 0.8600000143051147, 0.8774999976158142, 0.8700000047683716, 0.8575000166893005, 0.875, 0.8725000023841858, 0.8700000047683716, 0.875, 0.8824999928474426, 0.8824999928474426, 0.8600000143051147, 0.8849999904632568, 0.8575000166893005, 0.8824999928474426, 0.887499988079071, 0.8949999809265137, 0.8899999856948853, 0.887499988079071]}