{"loss": [0.6936731934547424, 0.6300003528594971, 0.523557722568512, 0.45985662937164307, 0.4344450831413269, 0.39901313185691833, 0.397338330745697, 0.3672938942909241, 0.3504774570465088, 0.35112980008125305, 0.34850651025772095, 0.328878790140152, 0.3183605670928955, 0.3199527859687805, 0.3018983006477356, 0.29492610692977905, 0.2898513376712799, 0.2768678367137909, 0.2927243411540985, 0.27485930919647217, 0.2835874855518341, 0.258364737033844, 0.2766258120536804, 0.2514338195323944, 0.2508828938007355, 0.24313880503177643, 0.22945062816143036, 0.2569545805454254, 0.22985504567623138, 0.22585655748844147], "accuracy": [0.47312501072883606, 0.6712499856948853, 0.7556250095367432, 0.7918750047683716, 0.815625011920929, 0.8349999785423279, 0.8318750262260437, 0.8537499904632568, 0.8512499928474426, 0.8612499833106995, 0.856249988079071, 0.8743749856948853, 0.8712499737739563, 0.8737499713897705, 0.8868749737739563, 0.8887500166893005, 0.8899999856948853, 0.8912500143051147, 0.8918750286102295, 0.8981249928474426, 0.8987500071525574, 0.9037500023841858, 0.8949999809265137, 0.9125000238418579, 0.9037500023841858, 0.909375011920929, 0.9225000143051147, 0.9075000286102295, 0.9231250286102295, 0.918749988079071], "val_loss": [0.6818804740905762, 0.5124599933624268, 0.4349137842655182, 0.3928109407424927, 0.3765439987182617, 0.3883245885372162, 0.35987773537635803, 0.3399091362953186, 0.368182897567749, 0.35581639409065247, 0.34962475299835205, 0.3842514157295227, 0.36342230439186096, 0.41394150257110596, 0.37405654788017273, 0.34188470244407654, 0.35667574405670166, 0.358718603849411, 0.36142870783805847, 0.33262938261032104, 0.4351148307323456, 0.3896116316318512, 0.36802688241004944, 0.3509393036365509, 0.3774852752685547, 0.3840881586074829, 0.3968399465084076, 0.3414444029331207, 0.36552998423576355, 0.36882999539375305], "val_accuracy": [0.5600000023841858, 0.7524999976158142, 0.8125, 0.8324999809265137, 0.8374999761581421, 0.8424999713897705, 0.862500011920929, 0.8725000023841858, 0.875, 0.8575000166893005, 0.8700000047683716, 0.8550000190734863, 0.8650000095367432, 0.8575000166893005, 0.8650000095367432, 0.875, 0.8799999952316284, 0.8774999976158142, 0.8600000143051147, 0.887499988079071, 0.8450000286102295, 0.8600000143051147, 0.862500011920929, 0.8799999952316284, 0.8650000095367432, 0.8675000071525574, 0.8600000143051147, 0.875, 0.8824999928474426, 0.8824999928474426]}