{"loss": [0.8301973938941956, 0.696215808391571, 0.6947999000549316, 0.6946313381195068, 0.6932262182235718, 0.668245792388916, 0.6272954940795898, 0.5898784399032593, 0.5744525790214539, 0.5388768911361694, 0.5373974442481995, 0.5093482732772827, 0.5006428360939026, 0.4859158992767334, 0.4711399972438812, 0.45026615262031555, 0.4434095323085785, 0.4375825524330139, 0.41868430376052856, 0.39775168895721436, 0.39705750346183777, 0.3975071609020233, 0.39234256744384766, 0.36857250332832336, 0.38402724266052246, 0.36513450741767883, 0.35929566621780396, 0.3617992699146271, 0.3515685200691223, 0.34556883573532104], "accuracy": [0.48625001311302185, 0.4937500059604645, 0.5081250071525574, 0.5243750214576721, 0.4950000047683716, 0.6037499904632568, 0.684374988079071, 0.7162500023841858, 0.7300000190734863, 0.7543749809265137, 0.7568749785423279, 0.7850000262260437, 0.7774999737739563, 0.7831249833106995, 0.8025000095367432, 0.8037499785423279, 0.8149999976158142, 0.8131250143051147, 0.8368750214576721, 0.84375, 0.8381249904632568, 0.8393750190734863, 0.8424999713897705, 0.8618749976158142, 0.8450000286102295, 0.8581249713897705, 0.8600000143051147, 0.8575000166893005, 0.8606250286102295, 0.8668749928474426], "val_loss": [0.6959401965141296, 0.6939280033111572, 0.6938051581382751, 0.6932356357574463, 0.6865999698638916, 0.6307368874549866, 0.5722588896751404, 0.5317891836166382, 0.48851630091667175, 0.46957018971443176, 0.5218841433525085, 0.4602954089641571, 0.4279889762401581, 0.3961687982082367, 0.4172339141368866, 0.3993913531303406, 0.4012940227985382, 0.3983553647994995, 0.37732994556427, 0.42802688479423523, 0.3690640330314636, 0.36949077248573303, 0.36502334475517273, 0.41844913363456726, 0.36358577013015747, 0.35488784313201904, 0.36636656522750854, 0.37659114599227905, 0.36544010043144226, 0.3774118721485138], "val_accuracy": [0.5, 0.5, 0.5, 0.5, 0.6349999904632568, 0.6650000214576721, 0.7649999856948853, 0.7724999785423279, 0.7900000214576721, 0.8050000071525574, 0.7875000238418579, 0.7900000214576721, 0.8149999976158142, 0.8299999833106995, 0.8374999761581421, 0.8299999833106995, 0.8149999976158142, 0.8349999785423279, 0.8500000238418579, 0.8224999904632568, 0.8525000214576721, 0.8550000190734863, 0.8600000143051147, 0.8399999737739563, 0.8600000143051147, 0.8575000166893005, 0.8525000214576721, 0.8475000262260437, 0.8650000095367432, 0.8374999761581421]}