{"loss": [0.6914393901824951, 0.5870058536529541, 0.49251607060432434, 0.43597275018692017, 0.41950780153274536, 0.38273483514785767, 0.39475691318511963, 0.36944448947906494, 0.35303959250450134, 0.34263622760772705, 0.34504032135009766, 0.32946673035621643, 0.30340859293937683, 0.30064505338668823, 0.2976309657096863, 0.2824252247810364, 0.28624266386032104, 0.2572729289531708, 0.27861517667770386, 0.2750484049320221, 0.2689541280269623, 0.24525682628154755, 0.23651041090488434, 0.215949147939682, 0.23412209749221802, 0.2299242913722992, 0.2034599483013153, 0.21387988328933716, 0.19998902082443237, 0.21225233376026154], "accuracy": [0.5068749785423279, 0.7093750238418579, 0.7693750262260437, 0.8037499785423279, 0.815625011920929, 0.8399999737739563, 0.8368750214576721, 0.8418750166893005, 0.8606250286102295, 0.8612499833106995, 0.8568750023841858, 0.8662499785423279, 0.878125011920929, 0.8806250095367432, 0.8824999928474426, 0.890625, 0.8849999904632568, 0.9056249856948853, 0.8981249928474426, 0.8949999809265137, 0.8912500143051147, 0.9137499928474426, 0.9118750095367432, 0.9231250286102295, 0.9118750095367432, 0.918749988079071, 0.9281250238418579, 0.9256250262260437, 0.9268749952316284, 0.9225000143051147], "val_loss": [0.6608952283859253, 0.4810601770877838, 0.4543120563030243, 0.3566271960735321, 0.34168463945388794, 0.37439441680908203, 0.3434593677520752, 0.32516902685165405, 0.3407929539680481, 0.3609113395214081, 0.34935906529426575, 0.32703548669815063, 0.3107583820819855, 0.3664766550064087, 0.3465619385242462, 0.34252074360847473, 0.33153143525123596, 0.36451297998428345, 0.36300936341285706, 0.3320387303829193, 0.3428283929824829, 0.3574669659137726, 0.3560273051261902, 0.48702681064605713, 0.3363263010978699, 0.351261168718338, 0.36105582118034363, 0.35401996970176697, 0.36329981684684753, 0.3792423903942108], "val_accuracy": [0.675000011920929, 0.7699999809265137, 0.800000011920929, 0.8600000143051147, 0.8575000166893005, 0.8450000286102295, 0.875, 0.8774999976158142, 0.887499988079071, 0.8600000143051147, 0.8700000047683716, 0.8924999833106995, 0.8924999833106995, 0.8675000071525574, 0.875, 0.8700000047683716, 0.8799999952316284, 0.8799999952316284, 0.8650000095367432, 0.8700000047683716, 0.8725000023841858, 0.8899999856948853, 0.8899999856948853, 0.8274999856948853, 0.8799999952316284, 0.8675000071525574, 0.887499988079071, 0.8899999856948853, 0.8849999904632568, 0.8650000095367432]}