{"loss": [0.6973381042480469, 0.5884891152381897, 0.455417662858963, 0.41765516996383667, 0.38993972539901733, 0.3690017759799957, 0.38019728660583496, 0.36068961024284363, 0.3405948281288147, 0.3301737904548645, 0.32694122195243835, 0.3160022795200348, 0.30914056301116943, 0.2999761998653412, 0.3074411153793335, 0.28246814012527466, 0.2940797507762909, 0.26234254240989685, 0.26256081461906433, 0.2554771900177002, 0.26515015959739685, 0.23590081930160522, 0.22990716993808746, 0.21312299370765686, 0.21206486225128174, 0.20895998179912567, 0.19267266988754272, 0.19787542521953583, 0.23519374430179596, 0.17572952806949615], "accuracy": [0.5162500143051147, 0.6974999904632568, 0.8050000071525574, 0.8237500190734863, 0.8393750190734863, 0.8550000190734863, 0.8487499952316284, 0.8587499856948853, 0.8643749952316284, 0.8631250262260437, 0.8681250214576721, 0.875, 0.8787500262260437, 0.8799999952316284, 0.8849999904632568, 0.8931249976158142, 0.8887500166893005, 0.8943750262260437, 0.9024999737739563, 0.9012500047683716, 0.9043750166893005, 0.9143750071525574, 0.9181249737739563, 0.9225000143051147, 0.9268749952316284, 0.9256250262260437, 0.9312499761581421, 0.9331250190734863, 0.9212499856948853, 0.9418749809265137], "val_loss": [0.6853697896003723, 0.40534839034080505, 0.3827657997608185, 0.3557811975479126, 0.3252211809158325, 0.32888898253440857, 0.3535465896129608, 0.31806954741477966, 0.3485349416732788, 0.34421199560165405, 0.35767117142677307, 0.32688218355178833, 0.33522656559944153, 0.3690612018108368, 0.37629199028015137, 0.34754273295402527, 0.38959187269210815, 0.39316338300704956, 0.3717968761920929, 0.3553856909275055, 0.34842315316200256, 0.34511080384254456, 0.35682886838912964, 0.363958477973938, 0.3498609960079193, 0.3863596022129059, 0.5320857167243958, 0.565529465675354, 0.350252240896225, 0.38497084379196167], "val_accuracy": [0.6650000214576721, 0.8274999856948853, 0.8500000238418579, 0.8500000238418579, 0.875, 0.8849999904632568, 0.8774999976158142, 0.887499988079071, 0.8824999928474426, 0.8575000166893005, 0.8774999976158142, 0.8824999928474426, 0.8824999928474426, 0.8799999952316284, 0.8700000047683716, 0.8600000143051147, 0.862500011920929, 0.8700000047683716, 0.8849999904632568, 0.8799999952316284, 0.875, 0.887499988079071, 0.8725000023841858, 0.8700000047683716, 0.8774999976158142, 0.8725000023841858, 0.8399999737739563, 0.824999988079071, 0.8799999952316284, 0.8824999928474426]}