{"loss": [0.6925500631332397, 0.6872051954269409, 0.5805020332336426, 0.521990180015564, 0.5034459829330444, 0.46282505989074707, 0.47136375308036804, 0.442667156457901, 0.4348214268684387, 0.41854149103164673, 0.4183683693408966, 0.4006766080856323, 0.391750305891037, 0.3809047341346741, 0.37953436374664307, 0.36282581090927124, 0.36988067626953125, 0.35283362865448, 0.3722896873950958, 0.3473075032234192, 0.36296185851097107, 0.33628448843955994, 0.33437564969062805, 0.3338143229484558, 0.3291138708591461, 0.3276829421520233, 0.3068661689758301, 0.3083816468715668, 0.30873605608940125, 0.305152952671051], "accuracy": [0.5231249928474426, 0.5425000190734863, 0.7118750214576721, 0.7400000095367432, 0.746874988079071, 0.7762500047683716, 0.7868750095367432, 0.7925000190734863, 0.8100000023841858, 0.8118749856948853, 0.809374988079071, 0.8206250071525574, 0.824999988079071, 0.8324999809265137, 0.8450000286102295, 0.8424999713897705, 0.8475000262260437, 0.8531249761581421, 0.8475000262260437, 0.8568750023841858, 0.8487499952316284, 0.862500011920929, 0.8606250286102295, 0.8631250262260437, 0.862500011920929, 0.8668749928474426, 0.8756250143051147, 0.8762500286102295, 0.8693749904632568, 0.8812500238418579], "val_loss": [0.6902438998222351, 0.6384746432304382, 0.5052966475486755, 0.46829214692115784, 0.449260413646698, 0.42630845308303833, 0.41029858589172363, 0.3872315585613251, 0.4026893675327301, 0.41732704639434814, 0.3849475383758545, 0.3978034257888794, 0.39604827761650085, 0.36974209547042847, 0.36735838651657104, 0.36729636788368225, 0.3954939544200897, 0.48679429292678833, 0.3793378174304962, 0.3693871796131134, 0.41951966285705566, 0.3726441264152527, 0.38314780592918396, 0.3837168514728546, 0.3785281777381897, 0.3561978042125702, 0.3833536207675934, 0.37166088819503784, 0.37781935930252075, 0.35467764735221863], "val_accuracy": [0.5, 0.7149999737739563, 0.75, 0.7950000166893005, 0.8025000095367432, 0.7975000143051147, 0.8100000023841858, 0.8199999928474426, 0.824999988079071, 0.8224999904632568, 0.8349999785423279, 0.8324999809265137, 0.8349999785423279, 0.8500000238418579, 0.8475000262260437, 0.8550000190734863, 0.8450000286102295, 0.7950000166893005, 0.8349999785423279, 0.8424999713897705, 0.8174999952316284, 0.8475000262260437, 0.8299999833106995, 0.8424999713897705, 0.8450000286102295, 0.8550000190734863, 0.8550000190734863, 0.8299999833106995, 0.8475000262260437, 0.8525000214576721]}