{"loss": [0.6933101415634155, 0.5930594801902771, 0.5257474184036255, 0.5004894733428955, 0.484640896320343, 0.45875275135040283, 0.46494317054748535, 0.437211275100708, 0.44757676124572754, 0.4168214499950409, 0.4206406772136688, 0.4099884033203125, 0.4042375087738037, 0.3891655206680298, 0.38783323764801025, 0.3754664659500122, 0.376979798078537, 0.36189788579940796, 0.36756640672683716, 0.36642247438430786, 0.36416035890579224, 0.3590315580368042, 0.3848177194595337, 0.37129002809524536, 0.34822359681129456, 0.34972766041755676, 0.3383639454841614, 0.33446580171585083, 0.34525594115257263, 0.34753701090812683], "accuracy": [0.5149999856948853, 0.7081249952316284, 0.7418749928474426, 0.7543749809265137, 0.7662500143051147, 0.796875, 0.7850000262260437, 0.8056250214576721, 0.7962499856948853, 0.8231250047683716, 0.8137500286102295, 0.8243749737739563, 0.8181250095367432, 0.8356249928474426, 0.8387500047683716, 0.8431249856948853, 0.846875011920929, 0.8481249809265137, 0.8481249809265137, 0.8450000286102295, 0.8506249785423279, 0.8543750047683716, 0.8424999713897705, 0.8418750166893005, 0.8531249761581421, 0.8556249737739563, 0.8606250286102295, 0.8618749976158142, 0.8587499856948853, 0.859375], "val_loss": [0.6815598011016846, 0.5056509375572205, 0.48088398575782776, 0.46340465545654297, 0.4353635311126709, 0.46396389603614807, 0.4137566387653351, 0.41376063227653503, 0.40077757835388184, 0.41912996768951416, 0.4305700361728668, 0.4021364450454712, 0.3899309039115906, 0.42778652906417847, 0.3963276743888855, 0.3672042489051819, 0.44896671175956726, 0.41795608401298523, 0.38409167528152466, 0.3759615421295166, 0.3865537643432617, 0.39956745505332947, 0.3771247863769531, 0.3712170422077179, 0.3917641043663025, 0.3679589033126831, 0.3815441429615021, 0.46598348021507263, 0.48092883825302124, 0.3872806429862976], "val_accuracy": [0.675000011920929, 0.7475000023841858, 0.7574999928474426, 0.7799999713897705, 0.7925000190734863, 0.7699999809265137, 0.8100000023841858, 0.7975000143051147, 0.8100000023841858, 0.8174999952316284, 0.800000011920929, 0.8149999976158142, 0.8199999928474426, 0.8025000095367432, 0.8224999904632568, 0.8349999785423279, 0.7799999713897705, 0.824999988079071, 0.8299999833106995, 0.8199999928474426, 0.824999988079071, 0.8274999856948853, 0.8424999713897705, 0.8424999713897705, 0.8224999904632568, 0.8424999713897705, 0.8475000262260437, 0.7975000143051147, 0.7749999761581421, 0.8424999713897705]}