{"loss": [0.6963750720024109, 0.6830135583877563, 0.6736652255058289, 0.6539920568466187, 0.6322928071022034, 0.6039719581604004, 0.5941224694252014, 0.5916262269020081, 0.587123453617096, 0.5816852450370789, 0.5805080533027649, 0.5778769254684448, 0.5705739855766296, 0.5724610686302185, 0.563213050365448, 0.5699672102928162, 0.5630311369895935, 0.5582373142242432, 0.5568486452102661, 0.5571214556694031, 0.5514875650405884, 0.5442767143249512, 0.5512491464614868, 0.5536515712738037, 0.5385012030601501, 0.5343905687332153, 0.5505397319793701, 0.5378909111022949, 0.5456365346908569, 0.5293722748756409], "accuracy": [0.47437500953674316, 0.5637500286102295, 0.5874999761581421, 0.6156250238418579, 0.6368749737739563, 0.6650000214576721, 0.6868749856948853, 0.6787499785423279, 0.6756250262260437, 0.6887500286102295, 0.6924999952316284, 0.6899999976158142, 0.6943749785423279, 0.6993749737739563, 0.7024999856948853, 0.7018749713897705, 0.7056249976158142, 0.7131249904632568, 0.7118750214576721, 0.7037500143051147, 0.7168750166893005, 0.7181249856948853, 0.715624988079071, 0.7081249952316284, 0.7093750238418579, 0.7281249761581421, 0.7081249952316284, 0.7118750214576721, 0.7268750071525574, 0.7350000143051147], "val_loss": [0.6918079257011414, 0.6124918460845947, 0.6183485984802246, 0.5689663290977478, 0.5890995264053345, 0.5143094062805176, 0.526544988155365, 0.5018640756607056, 0.5016047954559326, 0.5377363562583923, 0.538428783416748, 0.48971718549728394, 0.48204970359802246, 0.48720523715019226, 0.5114831328392029, 0.4689328074455261, 0.47911468148231506, 0.4862576723098755, 0.46420180797576904, 0.4868355095386505, 0.46639999747276306, 0.4497950077056885, 0.4525822103023529, 0.49883124232292175, 0.46459412574768066, 0.47283828258514404, 0.4753183424472809, 0.5046924948692322, 0.4791446328163147, 0.44600918889045715], "val_accuracy": [0.4975000023841858, 0.7225000262260437, 0.7174999713897705, 0.7574999928474426, 0.6850000023841858, 0.7475000023841858, 0.7649999856948853, 0.7649999856948853, 0.7724999785423279, 0.7450000047683716, 0.75, 0.7699999809265137, 0.7774999737739563, 0.7475000023841858, 0.699999988079071, 0.7875000238418579, 0.7925000190734863, 0.7799999713897705, 0.7850000262260437, 0.7900000214576721, 0.7825000286102295, 0.7950000166893005, 0.7925000190734863, 0.7850000262260437, 0.7724999785423279, 0.800000011920929, 0.7825000286102295, 0.7674999833106995, 0.7749999761581421, 0.7774999737739563]}