{"loss": [0.6918516755104065, 0.5964779257774353, 0.5287521481513977, 0.49825039505958557, 0.470086932182312, 0.43154439330101013, 0.43267127871513367, 0.41192322969436646, 0.41651439666748047, 0.4163728952407837, 0.3932904899120331, 0.3809856176376343, 0.3748857080936432, 0.3737386465072632, 0.37115514278411865, 0.35749390721321106, 0.3611512780189514, 0.3672315180301666, 0.35425999760627747, 0.35089534521102905, 0.35214003920555115, 0.33112385869026184, 0.34856754541397095, 0.3426094949245453, 0.32808002829551697, 0.3319288194179535, 0.32124942541122437, 0.31595179438591003, 0.3203940689563751, 0.3238658010959625], "accuracy": [0.5206249952316284, 0.6850000023841858, 0.7387499809265137, 0.7562500238418579, 0.7856249809265137, 0.8062499761581421, 0.8075000047683716, 0.8224999904632568, 0.8168749809265137, 0.8206250071525574, 0.8318750262260437, 0.8343750238418579, 0.8418750166893005, 0.8399999737739563, 0.8393750190734863, 0.8487499952316284, 0.8518750071525574, 0.8418750166893005, 0.8500000238418579, 0.8606250286102295, 0.8587499856948853, 0.8656250238418579, 0.8543750047683716, 0.8581249713897705, 0.8693749904632568, 0.8693749904632568, 0.8725000023841858, 0.8787500262260437, 0.8743749856948853, 0.8656250238418579], "val_loss": [0.6819499135017395, 0.5086075067520142, 0.4893561601638794, 0.45161890983581543, 0.4328734874725342, 0.4047224521636963, 0.3975903391838074, 0.3884240686893463, 0.4096400737762451, 0.40114840865135193, 0.3945164084434509, 0.3855462670326233, 0.3854997158050537, 0.388022243976593, 0.40837323665618896, 0.3819929361343384, 0.4861562252044678, 0.4297657310962677, 0.4537557363510132, 0.39519408345222473, 0.4086909890174866, 0.38311001658439636, 0.36945560574531555, 0.379657506942749, 0.382607638835907, 0.4028715193271637, 0.4086630940437317, 0.41017836332321167, 0.37805745005607605, 0.39605531096458435], "val_accuracy": [0.6399999856948853, 0.7425000071525574, 0.7599999904632568, 0.7875000238418579, 0.7950000166893005, 0.8224999904632568, 0.8199999928474426, 0.8324999809265137, 0.8199999928474426, 0.8149999976158142, 0.8349999785423279, 0.8324999809265137, 0.824999988079071, 0.8299999833106995, 0.8199999928474426, 0.8324999809265137, 0.7950000166893005, 0.8149999976158142, 0.8100000023841858, 0.8199999928474426, 0.8174999952316284, 0.8424999713897705, 0.8399999737739563, 0.8475000262260437, 0.8399999737739563, 0.8450000286102295, 0.8174999952316284, 0.8349999785423279, 0.8324999809265137, 0.8475000262260437]}