{"loss": [0.6967182755470276, 0.6831102967262268, 0.6610149145126343, 0.6555066704750061, 0.6526864767074585, 0.6416968703269958, 0.6616464257240295, 0.6611700654029846, 0.6236018538475037, 0.6123169660568237, 0.602437436580658, 0.5872628688812256, 0.5844151973724365, 0.5869919061660767, 0.5716560482978821, 0.5653951168060303, 0.5619640350341797, 0.5522552728652954, 0.553682267665863, 0.5474795699119568, 0.5418834686279297, 0.5345784425735474, 0.5382853150367737, 0.5361406803131104, 0.5239738821983337, 0.5240238308906555, 0.5226924419403076, 0.5150254964828491, 0.5116774439811707, 0.5071419477462769], "accuracy": [0.49687498807907104, 0.5799999833106995, 0.6118749976158142, 0.6156250238418579, 0.6162499785423279, 0.6324999928474426, 0.6000000238418579, 0.621874988079071, 0.6412500143051147, 0.6493750214576721, 0.6581249833106995, 0.6837499737739563, 0.684374988079071, 0.6993749737739563, 0.6968749761581421, 0.7024999856948853, 0.706250011920929, 0.7149999737739563, 0.7081249952316284, 0.7112500071525574, 0.71875, 0.7275000214576721, 0.7225000262260437, 0.7275000214576721, 0.7306249737739563, 0.7437499761581421, 0.7387499809265137, 0.7425000071525574, 0.7506250143051147, 0.7443749904632568], "val_loss": [0.6885275840759277, 0.6192895174026489, 0.5945201516151428, 0.5913823843002319, 0.6161796450614929, 0.5554705262184143, 0.6685044169425964, 0.5832883715629578, 0.5509141683578491, 0.5308462977409363, 0.5369759798049927, 0.514301598072052, 0.5039615035057068, 0.5231401920318604, 0.5296014547348022, 0.4893812835216522, 0.4916590452194214, 0.4890303909778595, 0.47693875432014465, 0.5007725358009338, 0.4807974100112915, 0.46868762373924255, 0.47175389528274536, 0.4931444823741913, 0.46573883295059204, 0.47758492827415466, 0.4890633821487427, 0.5145527124404907, 0.46879664063453674, 0.46586695313453674], "val_accuracy": [0.5, 0.7124999761581421, 0.7074999809265137, 0.7049999833106995, 0.7049999833106995, 0.7174999713897705, 0.699999988079071, 0.6949999928474426, 0.7124999761581421, 0.7225000262260437, 0.7225000262260437, 0.7475000023841858, 0.7549999952316284, 0.7250000238418579, 0.7300000190734863, 0.7699999809265137, 0.7425000071525574, 0.7450000047683716, 0.7724999785423279, 0.7774999737739563, 0.7699999809265137, 0.7850000262260437, 0.7699999809265137, 0.7749999761581421, 0.762499988079071, 0.7749999761581421, 0.7749999761581421, 0.7674999833106995, 0.7799999713897705, 0.7749999761581421]}