{"loss": [0.6951831579208374, 0.6389991641044617, 0.5812733173370361, 0.5217249393463135, 0.49218297004699707, 0.4561488628387451, 0.44774264097213745, 0.4297587275505066, 0.41402697563171387, 0.41081055998802185, 0.39714664220809937, 0.385284960269928, 0.39189422130584717, 0.36729511618614197, 0.36579304933547974, 0.3473202884197235, 0.36789798736572266, 0.3368856906890869, 0.3485487103462219, 0.33584174513816833, 0.3428921401500702, 0.3266248404979706, 0.3367132246494293, 0.31355050206184387, 0.30626797676086426, 0.31330785155296326, 0.3029048442840576, 0.2919231355190277, 0.2837083041667938, 0.27437591552734375], "accuracy": [0.5056250095367432, 0.6431249976158142, 0.6887500286102295, 0.7450000047683716, 0.7618749737739563, 0.7943750023841858, 0.7987499833106995, 0.8125, 0.8262500166893005, 0.8287500143051147, 0.8243749737739563, 0.8387500047683716, 0.8343750238418579, 0.8518750071525574, 0.846875011920929, 0.8618749976158142, 0.8487499952316284, 0.8606250286102295, 0.8581249713897705, 0.8612499833106995, 0.859375, 0.8712499737739563, 0.8600000143051147, 0.8725000023841858, 0.8743749856948853, 0.8712499737739563, 0.8768749833106995, 0.8831250071525574, 0.8812500238418579, 0.8893749713897705], "val_loss": [0.6905450224876404, 0.548873782157898, 0.49820446968078613, 0.45623111724853516, 0.4091702401638031, 0.4303160011768341, 0.3701767027378082, 0.36275893449783325, 0.36482658982276917, 0.3807547092437744, 0.3587152063846588, 0.509213924407959, 0.3516637086868286, 0.3659704923629761, 0.34055018424987793, 0.35945242643356323, 0.4069647192955017, 0.3663150370121002, 0.33058634400367737, 0.3419196605682373, 0.3421207070350647, 0.34481745958328247, 0.3395620286464691, 0.384826123714447, 0.32635316252708435, 0.32149359583854675, 0.35291633009910583, 0.3280452489852905, 0.32856857776641846, 0.3288058340549469], "val_accuracy": [0.7024999856948853, 0.7149999737739563, 0.7450000047683716, 0.8075000047683716, 0.7950000166893005, 0.8174999952316284, 0.8349999785423279, 0.8424999713897705, 0.862500011920929, 0.8324999809265137, 0.8600000143051147, 0.7774999737739563, 0.8600000143051147, 0.8500000238418579, 0.8700000047683716, 0.8475000262260437, 0.8324999809265137, 0.8525000214576721, 0.8650000095367432, 0.8500000238418579, 0.862500011920929, 0.862500011920929, 0.8650000095367432, 0.8450000286102295, 0.8600000143051147, 0.8600000143051147, 0.8450000286102295, 0.8550000190734863, 0.8700000047683716, 0.8525000214576721]}