{"loss": [0.6957348585128784, 0.6437035202980042, 0.5427865386009216, 0.49240729212760925, 0.48274725675582886, 0.45120102167129517, 0.45277443528175354, 0.4377492070198059, 0.4241601824760437, 0.4123472273349762, 0.4161294102668762, 0.40383994579315186, 0.3867492973804474, 0.3747924566268921, 0.37504833936691284, 0.3659038841724396, 0.36216604709625244, 0.3404749631881714, 0.3518564701080322, 0.3511161506175995, 0.33589380979537964, 0.3253331780433655, 0.32654285430908203, 0.3241594433784485, 0.31784385442733765, 0.342218279838562, 0.3009697198867798, 0.3465171754360199, 0.2984308898448944, 0.30036357045173645], "accuracy": [0.484375, 0.6337500214576721, 0.7275000214576721, 0.7668750286102295, 0.7693750262260437, 0.8018749952316284, 0.7943750023841858, 0.8062499761581421, 0.8193749785423279, 0.8256250023841858, 0.8187500238418579, 0.828125, 0.8324999809265137, 0.8368750214576721, 0.8418750166893005, 0.8424999713897705, 0.8443750143051147, 0.8656250238418579, 0.856249988079071, 0.8481249809265137, 0.8525000214576721, 0.8637499809265137, 0.8662499785423279, 0.8637499809265137, 0.8706250190734863, 0.8543750047683716, 0.8787500262260437, 0.8493750095367432, 0.8818749785423279, 0.8793749809265137], "val_loss": [0.6943585872650146, 0.5445204377174377, 0.4745159149169922, 0.41525089740753174, 0.4028964340686798, 0.39374464750289917, 0.4061506688594818, 0.3962622582912445, 0.37794768810272217, 0.39407864212989807, 0.39233559370040894, 0.34743258357048035, 0.3592347800731659, 0.34801220893859863, 0.33827847242355347, 0.3634771704673767, 0.3419332206249237, 0.4021621644496918, 0.3555411994457245, 0.33773261308670044, 0.34828487038612366, 0.40658867359161377, 0.3991493582725525, 0.37661266326904297, 0.3449673354625702, 0.3603912591934204, 0.36221545934677124, 0.3515983521938324, 0.35883498191833496, 0.36509981751441956], "val_accuracy": [0.5, 0.7275000214576721, 0.7574999928474426, 0.8100000023841858, 0.8125, 0.8174999952316284, 0.8174999952316284, 0.8274999856948853, 0.8475000262260437, 0.8324999809265137, 0.8299999833106995, 0.8525000214576721, 0.8399999737739563, 0.8575000166893005, 0.8600000143051147, 0.8399999737739563, 0.8700000047683716, 0.8475000262260437, 0.8475000262260437, 0.8525000214576721, 0.8550000190734863, 0.8450000286102295, 0.8224999904632568, 0.8349999785423279, 0.8500000238418579, 0.8349999785423279, 0.8525000214576721, 0.8424999713897705, 0.8500000238418579, 0.8700000047683716]}