{"loss": [0.6838185787200928, 0.602270781993866, 0.5539641976356506, 0.516869843006134, 0.5058261752128601, 0.4759984314441681, 0.4835498034954071, 0.46333956718444824, 0.4619247019290924, 0.4439311921596527, 0.4458294212818146, 0.4329163730144501, 0.4212985336780548, 0.41024428606033325, 0.410650372505188, 0.41274192929267883, 0.41965973377227783, 0.3938828408718109, 0.3967134952545166, 0.4044519066810608, 0.3920362889766693, 0.3738761842250824, 0.38236308097839355, 0.37742942571640015, 0.3726986050605774, 0.3766435980796814, 0.35021477937698364, 0.36181777715682983, 0.3607809543609619, 0.36376628279685974], "accuracy": [0.5837500095367432, 0.668749988079071, 0.7106249928474426, 0.7368749976158142, 0.7568749785423279, 0.7787500023841858, 0.768750011920929, 0.7856249809265137, 0.7931249737739563, 0.8006250262260437, 0.7900000214576721, 0.8037499785423279, 0.8162500262260437, 0.8218749761581421, 0.8162500262260437, 0.8137500286102295, 0.8187500238418579, 0.8287500143051147, 0.8212500214576721, 0.8206250071525574, 0.8324999809265137, 0.846875011920929, 0.8337500095367432, 0.8362500071525574, 0.8349999785423279, 0.8424999713897705, 0.8500000238418579, 0.8450000286102295, 0.8500000238418579, 0.84375], "val_loss": [0.6254009008407593, 0.5333834290504456, 0.49351441860198975, 0.4655323326587677, 0.4456566870212555, 0.4300212860107422, 0.40051186084747314, 0.3991421163082123, 0.41001439094543457, 0.40226423740386963, 0.4291892349720001, 0.38621294498443604, 0.3875892162322998, 0.37365031242370605, 0.40014418959617615, 0.40140435099601746, 0.41092559695243835, 0.3977835476398468, 0.3597353398799896, 0.36903610825538635, 0.37589138746261597, 0.36882907152175903, 0.3817045986652374, 0.4139961004257202, 0.4058644771575928, 0.3522634506225586, 0.40884438157081604, 0.3619072735309601, 0.43031811714172363, 0.34486687183380127], "val_accuracy": [0.6825000047683716, 0.737500011920929, 0.7475000023841858, 0.7900000214576721, 0.7825000286102295, 0.800000011920929, 0.800000011920929, 0.8149999976158142, 0.8224999904632568, 0.8274999856948853, 0.8025000095367432, 0.8199999928474426, 0.8299999833106995, 0.8274999856948853, 0.8100000023841858, 0.8125, 0.8125, 0.8374999761581421, 0.8374999761581421, 0.8424999713897705, 0.8274999856948853, 0.8349999785423279, 0.824999988079071, 0.8075000047683716, 0.8199999928474426, 0.8550000190734863, 0.8050000071525574, 0.8500000238418579, 0.8199999928474426, 0.8550000190734863]}