{"loss": [0.6853447556495667, 0.5904732346534729, 0.5468098521232605, 0.5026193261146545, 0.4944401681423187, 0.46424973011016846, 0.47349387407302856, 0.4570741355419159, 0.4490678310394287, 0.43250027298927307, 0.4290677309036255, 0.42064109444618225, 0.4118891954421997, 0.3983519673347473, 0.4012479782104492, 0.39632847905158997, 0.4102504849433899, 0.38183537125587463, 0.38071873784065247, 0.3922249972820282, 0.37674328684806824, 0.37099045515060425, 0.38160350918769836, 0.37671127915382385, 0.3593083322048187, 0.3681448698043823, 0.35549935698509216, 0.36746832728385925, 0.35598456859588623, 0.3522700071334839], "accuracy": [0.5718749761581421, 0.6818749904632568, 0.7168750166893005, 0.7581250071525574, 0.7556250095367432, 0.784375011920929, 0.7756249904632568, 0.7875000238418579, 0.8043749928474426, 0.8100000023841858, 0.8125, 0.8168749809265137, 0.8193749785423279, 0.8274999856948853, 0.8256250023841858, 0.8324999809265137, 0.8243749737739563, 0.8412500023841858, 0.8318750262260437, 0.8274999856948853, 0.84375, 0.8481249809265137, 0.8393750190734863, 0.8343750238418579, 0.8475000262260437, 0.8493750095367432, 0.8587499856948853, 0.840624988079071, 0.8525000214576721, 0.8556249737739563], "val_loss": [0.6073733568191528, 0.5249773263931274, 0.4701634347438812, 0.44208869338035583, 0.4200442135334015, 0.4250980615615845, 0.3969792425632477, 0.38853028416633606, 0.40903374552726746, 0.40507400035858154, 0.3972824811935425, 0.37526729702949524, 0.41398361325263977, 0.3830038905143738, 0.37891310453414917, 0.4058307707309723, 0.40470176935195923, 0.3968008756637573, 0.36873432993888855, 0.36697307229042053, 0.3950566351413727, 0.3821977972984314, 0.3799673020839691, 0.3685854971408844, 0.4015160799026489, 0.35663431882858276, 0.40410393476486206, 0.3593941032886505, 0.36922112107276917, 0.3630214035511017], "val_accuracy": [0.7074999809265137, 0.7300000190734863, 0.762499988079071, 0.7975000143051147, 0.7875000238418579, 0.8025000095367432, 0.8025000095367432, 0.8125, 0.8174999952316284, 0.8174999952316284, 0.8075000047683716, 0.8299999833106995, 0.7950000166893005, 0.8149999976158142, 0.8324999809265137, 0.8025000095367432, 0.8149999976158142, 0.8224999904632568, 0.8399999737739563, 0.8324999809265137, 0.8324999809265137, 0.8299999833106995, 0.8299999833106995, 0.8399999737739563, 0.8125, 0.8475000262260437, 0.8324999809265137, 0.8525000214576721, 0.8475000262260437, 0.8399999737739563]}