{"loss": [0.694490909576416, 0.6325366497039795, 0.4952402114868164, 0.44883468747138977, 0.40596267580986023, 0.381356418132782, 0.38996896147727966, 0.36328983306884766, 0.3621716797351837, 0.3431151211261749, 0.3525891602039337, 0.34137552976608276, 0.316943496465683, 0.310433030128479, 0.3112078309059143, 0.2858869135379791, 0.2883705794811249, 0.269756942987442, 0.27768537402153015, 0.26870110630989075, 0.27068135142326355, 0.2538162171840668, 0.2380446493625641, 0.23730629682540894, 0.2360498309135437, 0.21742984652519226, 0.20516496896743774, 0.21701334416866302, 0.20200595259666443, 0.19275929033756256], "accuracy": [0.48124998807907104, 0.6362500190734863, 0.7724999785423279, 0.8118749856948853, 0.8268749713897705, 0.8412500023841858, 0.8381249904632568, 0.8518750071525574, 0.8487499952316284, 0.8587499856948853, 0.8600000143051147, 0.8643749952316284, 0.8756250143051147, 0.8806250095367432, 0.8818749785423279, 0.890625, 0.8931249976158142, 0.8974999785423279, 0.8949999809265137, 0.903124988079071, 0.8981249928474426, 0.9081249833106995, 0.9125000238418579, 0.9125000238418579, 0.9206249713897705, 0.9206249713897705, 0.9275000095367432, 0.9243749976158142, 0.9306250214576721, 0.9368749856948853], "val_loss": [0.6905921101570129, 0.46281468868255615, 0.39318740367889404, 0.39102253317832947, 0.3654650151729584, 0.4064099192619324, 0.3569815754890442, 0.366771399974823, 0.39468398690223694, 0.4204959571361542, 0.3630451560020447, 0.36508795619010925, 0.35604140162467957, 0.41591504216194153, 0.4186227321624756, 0.3544532358646393, 0.3941413164138794, 0.43150657415390015, 0.43998491764068604, 0.35805606842041016, 0.3653247356414795, 0.4315756559371948, 0.3879758417606354, 0.4565337896347046, 0.39506855607032776, 0.39453941583633423, 0.42790916562080383, 0.3964114785194397, 0.38705289363861084, 0.524852454662323], "val_accuracy": [0.5, 0.7950000166893005, 0.8424999713897705, 0.8299999833106995, 0.8399999737739563, 0.8399999737739563, 0.8575000166893005, 0.8374999761581421, 0.8475000262260437, 0.8324999809265137, 0.8424999713897705, 0.8650000095367432, 0.8600000143051147, 0.8349999785423279, 0.8525000214576721, 0.8475000262260437, 0.8525000214576721, 0.8500000238418579, 0.8500000238418579, 0.8650000095367432, 0.8575000166893005, 0.862500011920929, 0.8575000166893005, 0.8424999713897705, 0.8399999737739563, 0.8650000095367432, 0.8475000262260437, 0.862500011920929, 0.8450000286102295, 0.8274999856948853]}