{"loss": [0.6955513954162598, 0.6330456733703613, 0.5688666701316833, 0.5125449299812317, 0.46588975191116333, 0.42875319719314575, 0.42043471336364746, 0.3792305290699005, 0.3881254196166992, 0.3491005599498749, 0.35138943791389465, 0.3360329866409302, 0.32296571135520935, 0.33197176456451416, 0.3184932470321655, 0.2894544303417206, 0.2942815124988556, 0.2884502708911896, 0.29212409257888794, 0.26889538764953613, 0.2730361223220825, 0.2535754442214966, 0.2551834285259247, 0.256345272064209, 0.237101748585701, 0.2418547123670578, 0.2310013622045517, 0.24851085245609283, 0.21477875113487244, 0.20656128227710724], "accuracy": [0.48875001072883606, 0.6600000262260437, 0.7143750190734863, 0.75, 0.7981250286102295, 0.815625011920929, 0.8224999904632568, 0.8487499952316284, 0.8381249904632568, 0.8568750023841858, 0.8612499833106995, 0.8675000071525574, 0.8712499737739563, 0.8650000095367432, 0.8774999976158142, 0.8899999856948853, 0.8918750286102295, 0.890625, 0.8899999856948853, 0.8962500095367432, 0.8968750238418579, 0.90625, 0.9081249833106995, 0.9056249856948853, 0.9137499928474426, 0.9143750071525574, 0.9175000190734863, 0.9112499952316284, 0.921875, 0.9281250238418579], "val_loss": [0.6884629726409912, 0.5478204488754272, 0.5075564980506897, 0.42913275957107544, 0.39356234669685364, 0.359037846326828, 0.362789511680603, 0.3515685796737671, 0.3610242009162903, 0.3511374294757843, 0.34015709161758423, 0.3362523913383484, 0.349406361579895, 0.33198750019073486, 0.3431519567966461, 0.3343699276447296, 0.3922591507434845, 0.4317115545272827, 0.3599202632904053, 0.34793931245803833, 0.3284587860107422, 0.35554543137550354, 0.3526358902454376, 0.38142311573028564, 0.37116989493370056, 0.3551943600177765, 0.3838404417037964, 0.3620455265045166, 0.3773573338985443, 0.4184981882572174], "val_accuracy": [0.6625000238418579, 0.7275000214576721, 0.7674999833106995, 0.8174999952316284, 0.8324999809265137, 0.8550000190734863, 0.862500011920929, 0.8700000047683716, 0.8675000071525574, 0.862500011920929, 0.8700000047683716, 0.8600000143051147, 0.862500011920929, 0.875, 0.8725000023841858, 0.8650000095367432, 0.862500011920929, 0.8525000214576721, 0.8675000071525574, 0.8774999976158142, 0.8774999976158142, 0.8700000047683716, 0.8575000166893005, 0.8525000214576721, 0.8675000071525574, 0.875, 0.8725000023841858, 0.862500011920929, 0.8675000071525574, 0.862500011920929]}