{"loss": [0.6917011141777039, 0.6371516585350037, 0.585854709148407, 0.5529792904853821, 0.5298097729682922, 0.5267935991287231, 0.5129808187484741, 0.4977288842201233, 0.48184430599212646, 0.4903828799724579, 0.47506675124168396, 0.46539196372032166, 0.4536702632904053, 0.45157647132873535, 0.4473556578159332, 0.4384699761867523, 0.4351050853729248, 0.41470810770988464, 0.4345804452896118, 0.408766508102417, 0.4214809536933899, 0.39811423420906067, 0.39271843433380127, 0.3900294899940491, 0.38873645663261414, 0.3817839026451111, 0.3829396069049835, 0.3677860200405121, 0.3627510368824005, 0.362870991230011], "accuracy": [0.5, 0.65625, 0.7056249976158142, 0.7231249809265137, 0.7318750023841858, 0.7337499856948853, 0.7493749856948853, 0.7612500190734863, 0.7724999785423279, 0.7581250071525574, 0.7743750214576721, 0.7837499976158142, 0.78125, 0.7925000190734863, 0.7906249761581421, 0.809374988079071, 0.7950000166893005, 0.8149999976158142, 0.7975000143051147, 0.8199999928474426, 0.8106250166893005, 0.8274999856948853, 0.8287500143051147, 0.831250011920929, 0.8293750286102295, 0.8349999785423279, 0.8318750262260437, 0.8362500071525574, 0.84375, 0.8424999713897705], "val_loss": [0.6728205680847168, 0.5679234862327576, 0.5254396796226501, 0.4882737994194031, 0.553126335144043, 0.4759189188480377, 0.507524311542511, 0.46817973256111145, 0.4756370782852173, 0.49077948927879333, 0.4943923056125641, 0.48093390464782715, 0.463590532541275, 0.47839057445526123, 0.486409455537796, 0.48075592517852783, 0.4863237738609314, 0.5081639289855957, 0.48374301195144653, 0.4887055456638336, 0.4850395619869232, 0.5135974287986755, 0.499130517244339, 0.5388062596321106, 0.4957922399044037, 0.5372012853622437, 0.5168734192848206, 0.5358530282974243, 0.5406827330589294, 0.5503061413764954], "val_accuracy": [0.7149999737739563, 0.7049999833106995, 0.7674999833106995, 0.7699999809265137, 0.75, 0.7524999976158142, 0.7649999856948853, 0.7900000214576721, 0.7875000238418579, 0.7799999713897705, 0.7799999713897705, 0.7749999761581421, 0.7925000190734863, 0.7875000238418579, 0.8075000047683716, 0.8149999976158142, 0.8100000023841858, 0.7975000143051147, 0.8125, 0.8125, 0.7975000143051147, 0.7900000214576721, 0.800000011920929, 0.762499988079071, 0.7975000143051147, 0.7799999713897705, 0.7825000286102295, 0.8174999952316284, 0.7875000238418579, 0.8100000023841858]}