{"loss": [0.6926507353782654, 0.6526989936828613, 0.5971938371658325, 0.5709895491600037, 0.5495790243148804, 0.5548494458198547, 0.547707200050354, 0.5338526368141174, 0.5215550065040588, 0.5288993716239929, 0.5139340758323669, 0.5196235179901123, 0.5046232342720032, 0.5008997917175293, 0.4856581389904022, 0.48694393038749695, 0.48512622714042664, 0.46560919284820557, 0.4744410216808319, 0.4659483730792999, 0.4655736982822418, 0.4609987735748291, 0.4539647698402405, 0.45579609274864197, 0.44233402609825134, 0.43651843070983887, 0.4368310868740082, 0.43234744668006897, 0.4226657748222351, 0.42225944995880127], "accuracy": [0.5174999833106995, 0.6449999809265137, 0.6987500190734863, 0.7106249928474426, 0.7306249737739563, 0.7293750047683716, 0.7350000143051147, 0.734375, 0.7524999976158142, 0.7443749904632568, 0.75, 0.7537500262260437, 0.7543749809265137, 0.7549999952316284, 0.7706249952316284, 0.7762500047683716, 0.7706249952316284, 0.7825000286102295, 0.7718750238418579, 0.7662500143051147, 0.7768750190734863, 0.7793750166893005, 0.7837499976158142, 0.78125, 0.7918750047683716, 0.7950000166893005, 0.7962499856948853, 0.8006250262260437, 0.7993749976158142, 0.7987499833106995], "val_loss": [0.6909679174423218, 0.572930097579956, 0.5446574687957764, 0.5148029327392578, 0.5056488513946533, 0.4763455092906952, 0.4917563199996948, 0.46490052342414856, 0.4876650869846344, 0.4861947298049927, 0.5294239521026611, 0.47211673855781555, 0.46180129051208496, 0.4558865427970886, 0.48244696855545044, 0.4841943383216858, 0.46323758363723755, 0.4923155903816223, 0.4693261981010437, 0.46322137117385864, 0.47055885195732117, 0.4628547430038452, 0.46893447637557983, 0.4908578395843506, 0.479322612285614, 0.4915440082550049, 0.4925117492675781, 0.4780007600784302, 0.5117143988609314, 0.5003771781921387], "val_accuracy": [0.5550000071525574, 0.7074999809265137, 0.7400000095367432, 0.7400000095367432, 0.7699999809265137, 0.7574999928474426, 0.7875000238418579, 0.8125, 0.7875000238418579, 0.7975000143051147, 0.7749999761581421, 0.7900000214576721, 0.7825000286102295, 0.7875000238418579, 0.7549999952316284, 0.8025000095367432, 0.7925000190734863, 0.7825000286102295, 0.8050000071525574, 0.800000011920929, 0.7850000262260437, 0.7950000166893005, 0.8050000071525574, 0.7674999833106995, 0.8050000071525574, 0.7875000238418579, 0.7900000214576721, 0.8050000071525574, 0.7749999761581421, 0.8075000047683716]}