{"loss": [0.6985933184623718, 0.6252192258834839, 0.5683701634407043, 0.5583153963088989, 0.5335296392440796, 0.5285687446594238, 0.520895779132843, 0.510603129863739, 0.4938981235027313, 0.48187488317489624, 0.47728678584098816, 0.46387621760368347, 0.4504350423812866, 0.4421830475330353, 0.44310376048088074, 0.41990989446640015, 0.399695485830307, 0.4054873287677765, 0.41217076778411865, 0.39259520173072815, 0.398955374956131, 0.39405640959739685, 0.3941846787929535, 0.36415091156959534, 0.36476367712020874, 0.3573642671108246, 0.3659031391143799, 0.3305761218070984, 0.323013037443161, 0.3473179340362549], "accuracy": [0.5299999713897705, 0.6568750143051147, 0.7181249856948853, 0.7212499976158142, 0.7475000023841858, 0.7437499761581421, 0.7568749785423279, 0.7593749761581421, 0.7756249904632568, 0.7850000262260437, 0.7831249833106995, 0.7931249737739563, 0.8075000047683716, 0.809374988079071, 0.8112499713897705, 0.824999988079071, 0.8349999785423279, 0.8181250095367432, 0.8256250023841858, 0.8299999833106995, 0.8237500190734863, 0.824999988079071, 0.8374999761581421, 0.8506249785423279, 0.8543750047683716, 0.8450000286102295, 0.8424999713897705, 0.8706250190734863, 0.8774999976158142, 0.8662499785423279], "val_loss": [0.6806503534317017, 0.5439082980155945, 0.5172715187072754, 0.5129199624061584, 0.5246988534927368, 0.49013257026672363, 0.48158004879951477, 0.4647531509399414, 0.48385119438171387, 0.47682425379753113, 0.4779668152332306, 0.43568238615989685, 0.4638628661632538, 0.47995784878730774, 0.4898253381252289, 0.4475652277469635, 0.4165570139884949, 0.4352312982082367, 0.4232527017593384, 0.4233243465423584, 0.49371233582496643, 0.47061076760292053, 0.4174138903617859, 0.5171372890472412, 0.43154850602149963, 0.40924498438835144, 0.4101990759372711, 0.40105387568473816, 0.41481253504753113, 0.44302260875701904], "val_accuracy": [0.5199999809265137, 0.7400000095367432, 0.7450000047683716, 0.7649999856948853, 0.7325000166893005, 0.7749999761581421, 0.8125, 0.8125, 0.8025000095367432, 0.7850000262260437, 0.7774999737739563, 0.8100000023841858, 0.7975000143051147, 0.7925000190734863, 0.8025000095367432, 0.8299999833106995, 0.8149999976158142, 0.8174999952316284, 0.8349999785423279, 0.824999988079071, 0.7850000262260437, 0.8149999976158142, 0.8224999904632568, 0.7825000286102295, 0.8149999976158142, 0.8274999856948853, 0.8374999761581421, 0.8299999833106995, 0.824999988079071, 0.8199999928474426]}