{"loss": [0.6942964792251587, 0.6673436760902405, 0.604550838470459, 0.5967824459075928, 0.5893820524215698, 0.5833694934844971, 0.579872190952301, 0.5643265247344971, 0.5560489296913147, 0.5549303293228149, 0.5446981191635132, 0.5409908890724182, 0.5401520133018494, 0.5298736095428467, 0.5278235077857971, 0.5180085897445679, 0.5266872048377991, 0.5162302255630493, 0.5115728974342346, 0.505794882774353, 0.5055195689201355, 0.4949074685573578, 0.49510619044303894, 0.4880739152431488, 0.4714617133140564, 0.46802833676338196, 0.47221839427948, 0.456913024187088, 0.45075690746307373, 0.441188246011734], "accuracy": [0.47749999165534973, 0.5881249904632568, 0.6825000047683716, 0.6837499737739563, 0.6937500238418579, 0.6868749856948853, 0.6968749761581421, 0.7068750262260437, 0.7231249809265137, 0.7118750214576721, 0.7225000262260437, 0.7243750095367432, 0.7225000262260437, 0.7237499952316284, 0.7306249737739563, 0.7325000166893005, 0.7306249737739563, 0.7318750023841858, 0.7362499833106995, 0.7362499833106995, 0.7412499785423279, 0.75, 0.7574999928474426, 0.753125011920929, 0.7743750214576721, 0.7699999809265137, 0.765625, 0.7724999785423279, 0.8018749952316284, 0.784375011920929], "val_loss": [0.6930280923843384, 0.5900047421455383, 0.5784412026405334, 0.5526633262634277, 0.508279025554657, 0.5153906941413879, 0.5528367161750793, 0.5261543393135071, 0.5120326280593872, 0.5082805752754211, 0.5620264410972595, 0.4991567134857178, 0.4862206280231476, 0.48473265767097473, 0.48989951610565186, 0.48778802156448364, 0.4979408383369446, 0.4848810136318207, 0.4916352927684784, 0.5167182683944702, 0.50018709897995, 0.4961908757686615, 0.48761120438575745, 0.5056284070014954, 0.5180084109306335, 0.4972425103187561, 0.4679238498210907, 0.5190759897232056, 0.5031694769859314, 0.4803154766559601], "val_accuracy": [0.550000011920929, 0.6924999952316284, 0.7099999785423279, 0.7450000047683716, 0.7699999809265137, 0.7450000047683716, 0.762499988079071, 0.7674999833106995, 0.7699999809265137, 0.762499988079071, 0.7174999713897705, 0.7674999833106995, 0.7749999761581421, 0.7749999761581421, 0.7699999809265137, 0.762499988079071, 0.7799999713897705, 0.7875000238418579, 0.762499988079071, 0.75, 0.7850000262260437, 0.7574999928474426, 0.7799999713897705, 0.75, 0.7599999904632568, 0.7925000190734863, 0.7875000238418579, 0.75, 0.7799999713897705, 0.7699999809265137]}