{"loss": [0.694187343120575, 0.6928350925445557, 0.6863564252853394, 0.6626952886581421, 0.6225815415382385, 0.6025441884994507, 0.5930030345916748, 0.5645632743835449, 0.5489108562469482, 0.5320641398429871, 0.5334897637367249, 0.5112813711166382, 0.49247586727142334, 0.4839679002761841, 0.478120893239975, 0.46430057287216187, 0.4583769738674164, 0.4486576318740845, 0.4514595866203308, 0.43109971284866333, 0.43785569071769714, 0.4185081422328949, 0.42486777901649475, 0.40659594535827637, 0.38632702827453613, 0.39736053347587585, 0.39709433913230896, 0.36322230100631714, 0.3837276101112366, 0.37190601229667664], "accuracy": [0.48625001311302185, 0.5, 0.546875, 0.6068750023841858, 0.6700000166893005, 0.6756250262260437, 0.6956250071525574, 0.7206249833106995, 0.7256249785423279, 0.7450000047683716, 0.7362499833106995, 0.7631250023841858, 0.7731249928474426, 0.7718750238418579, 0.7825000286102295, 0.7893750071525574, 0.7943750023841858, 0.8012499809265137, 0.7962499856948853, 0.809374988079071, 0.8100000023841858, 0.8206250071525574, 0.8087499737739563, 0.8218749761581421, 0.8368750214576721, 0.8324999809265137, 0.8256250023841858, 0.8487499952316284, 0.8418750166893005, 0.8456249833106995], "val_loss": [0.6932157874107361, 0.6900932192802429, 0.6784340739250183, 0.6213570237159729, 0.5906756520271301, 0.5590088367462158, 0.5611020922660828, 0.5505523085594177, 0.5353645086288452, 0.5271790623664856, 0.5502015352249146, 0.4982922673225403, 0.48739585280418396, 0.49827075004577637, 0.4908527731895447, 0.47019368410110474, 0.4655801057815552, 0.46126788854599, 0.4542448818683624, 0.4675966203212738, 0.4679620862007141, 0.4351158142089844, 0.4481663405895233, 0.4696095585823059, 0.46481722593307495, 0.4581342339515686, 0.4708171486854553, 0.45580410957336426, 0.5100583434104919, 0.4592002034187317], "val_accuracy": [0.5, 0.5, 0.5, 0.6600000262260437, 0.675000011920929, 0.7149999737739563, 0.7174999713897705, 0.7099999785423279, 0.7350000143051147, 0.7400000095367432, 0.7325000166893005, 0.7774999737739563, 0.7724999785423279, 0.7649999856948853, 0.7599999904632568, 0.7699999809265137, 0.7925000190734863, 0.7850000262260437, 0.7900000214576721, 0.7975000143051147, 0.7850000262260437, 0.800000011920929, 0.8050000071525574, 0.8025000095367432, 0.7825000286102295, 0.7950000166893005, 0.7850000262260437, 0.7900000214576721, 0.7674999833106995, 0.7925000190734863]}